	scaffold	position	refBase	A	C	T	G	conBase	varBase	allele_count	baseCoverage	varFreq	conFreq	refFreq	mutation_type	mutation	gene	Run	genome
58	MT039887.1	9429	C	1956	493	0	0	A	C	2	2449	0.20130665577786847	0.7986933442221315	0.20130665577786847	N	N:H9164Q	orf1ab	SRR11278091	MT039887.1
59	MT039887.1	13511	A	755	0	68	0	A	T	2	823	0.08262454434993925	0.9173754556500608	0.9173754556500608	N	N:S13246F	orf1ab	SRR11278091	MT039887.1
60	MT039887.1	13512	G	0	0	69	763	G	T	2	832	0.0829326923076923	0.9170673076923076	0.9170673076923076	S	S:13247	orf1ab	SRR11278091	MT039887.1
61	MT039887.1	13513	G	70	0	2	762	G	A	2	834	0.08393285371702637	0.9136690647482014	0.9136690647482014	N	N:V13248I	orf1ab	SRR11278091	MT039887.1
62	MT039887.1	14334	G	0	1	117	1194	G	T	2	1312	0.08917682926829268	0.910060975609756	0.910060975609756	N	N:Q14069H	orf1ab	SRR11278091	MT039887.1
67	MT039887.1	20295	A	1204	0	127	0	A	T	2	1331	0.09541697971450036	0.9045830202854996	0.9045830202854996	S	S:20030	orf1ab	SRR11278091	MT039887.1
68	MT039887.1	20296	A	1202	0	137	0	A	T	2	1339	0.10231516056758776	0.8976848394324123	0.8976848394324123	N	N:R20031C	orf1ab	SRR11278091	MT039887.1
69	MT039887.1	20298	G	0	1	307	1018	G	T	2	1326	0.2315233785822021	0.7677224736048266	0.7677224736048266	S	S:20033	orf1ab	SRR11278091	MT039887.1
70	MT039887.1	20299	A	1018	0	269	0	A	T	2	1287	0.20901320901320905	0.7909867909867909	0.7909867909867909	N	N:N20034Y	orf1ab	SRR11278091	MT039887.1
71	MT039887.1	23648	T	1	158	2417	0	T	C	2	2576	0.06133540372670807	0.938276397515528	0.938276397515528	N	N:D2089A	S	SRR11278091	MT039887.1
383	MT039887.1	149	T	0	356	464	0	T	C	2	820	0.4341463414634146	0.5658536585365853	0.5658536585365853	I			SRR11278167	MT039887.1
384	MT039887.1	152	T	1	0	463	370	T	G	2	834	0.4436450839328537	0.5551558752997602	0.5551558752997602	I			SRR11278167	MT039887.1
385	MT039887.1	260	G	1	13	211	920	G	T	2	1145	0.18427947598253275	0.8034934497816594	0.8034934497816594	I			SRR11278167	MT039887.1
387	MT039887.1	13511	A	14876	2	1404	3	A	T	2	16285	0.08621430764507215	0.9134786613447958	0.9134786613447958	N	N:S13246F	orf1ab	SRR11278167	MT039887.1
388	MT039887.1	13512	G	0	3	1397	15023	G	T	2	16423	0.08506363027461487	0.9147536990805576	0.9147536990805576	S	S:13247	orf1ab	SRR11278167	MT039887.1
389	MT039887.1	13513	G	1408	3	2	15068	G	A	2	16481	0.08543170924094412	0.9142649111097628	0.9142649111097628	N	N:V13248I	orf1ab	SRR11278167	MT039887.1
390	MT039887.1	14334	G	4	2	2091	15975	G	T	2	18072	0.11570385126162018	0.8839641434262948	0.8839641434262948	N	N:Q14069H	orf1ab	SRR11278167	MT039887.1
395	MT039887.1	20295	A	14888	1	1954	0	A	T	2	16843	0.11601258683132458	0.8839280413228048	0.8839280413228048	S	S:20030	orf1ab	SRR11278167	MT039887.1
396	MT039887.1	20296	A	14797	0	2051	2	A	T	2	16850	0.12172106824925814	0.8781602373887241	0.8781602373887241	N	N:R20031C	orf1ab	SRR11278167	MT039887.1
397	MT039887.1	20298	G	3	1	3663	13128	G	T	2	16795	0.2181006251860673	0.7816612086930634	0.7816612086930634	S	S:20033	orf1ab	SRR11278167	MT039887.1
398	MT039887.1	20299	A	13115	2	3068	0	A	T	2	16185	0.1895582329317269	0.8103181958603646	0.8103181958603646	N	N:N20034Y	orf1ab	SRR11278167	MT039887.1
400	MT039887.1	23648	T	14	6979	59348	14	T	C	2	66355	0.10517670107753747	0.8944013261999849	0.8944013261999849	N	N:D2089A	S	SRR11278167	MT039887.1
402	MT039887.1	28910	G	4	3	922	16545	G	T	2	17474	0.052764106672770976	0.9468352981572622	0.9468352981572622	N	N:E640V	N	SRR11278167	MT039887.1
403	MT039887.1	28911	C	8	16464	953	1	C	T	2	17426	0.05468839664868587	0.944795133708252	0.944795133708252	N	N:E641D	N	SRR11278167	MT039887.1
404	MT039887.1	29590	A	31229	11	2008	10	A	T	2	33258	0.06037645077876001	0.9389921221961632	0.9389921221961632	N	N:Q36*	orf10	SRR11278167	MT039887.1
405	MT039887.1	29859	A	640	39	2	2	A	C	2	683	0.05710102489019034	0.9370424597364568	0.9370424597364568	I			SRR11278167	MT039887.1
406	MT039887.1	29860	G	0	3	38	623	G	T	2	664	0.0572289156626506	0.9382530120481928	0.9382530120481928	I			SRR11278167	MT039887.1
415	MT039887.1	260	G	0	7	109	480	G	T	2	596	0.18288590604026847	0.8053691275167785	0.8053691275167785	I			SRR11278166	MT039887.1
417	MT039887.1	13511	A	9652	3	1087	5	A	T	2	10747	0.10114450544337956	0.8981111007723086	0.8981111007723086	N	N:S13246F	orf1ab	SRR11278166	MT039887.1
418	MT039887.1	13512	G	2	0	1087	9790	G	T	2	10879	0.0999172718080706	0.8998988877654196	0.8998988877654196	S	S:13247	orf1ab	SRR11278166	MT039887.1
419	MT039887.1	13513	G	1086	3	2	9852	G	A	2	10943	0.09924152426208536	0.9003015626427854	0.9003015626427854	N	N:V13248I	orf1ab	SRR11278166	MT039887.1
420	MT039887.1	14334	G	5	3	1348	15084	G	T	2	16440	0.08199513381995134	0.9175182481751823	0.9175182481751823	N	N:Q14069H	orf1ab	SRR11278166	MT039887.1
425	MT039887.1	18927	C	5	18192	1748	8	C	T	2	19953	0.08760587380343808	0.9117425950984814	0.9117425950984814	S	S:18662	orf1ab	SRR11278166	MT039887.1
426	MT039887.1	20295	A	17417	1	2365	0	A	T	2	19783	0.11954708588181773	0.8804023656674923	0.8804023656674923	S	S:20030	orf1ab	SRR11278166	MT039887.1
427	MT039887.1	20296	A	17345	1	2453	3	A	T	2	19802	0.12387637612362387	0.8759216240783759	0.8759216240783759	N	N:R20031C	orf1ab	SRR11278166	MT039887.1
428	MT039887.1	20298	G	0	2	4512	15200	G	T	2	19714	0.2288728822156843	0.7710256670386527	0.7710256670386527	S	S:20033	orf1ab	SRR11278166	MT039887.1
429	MT039887.1	20299	A	15158	3	3771	0	A	T	2	18932	0.19918656243397426	0.8006549757025143	0.8006549757025143	N	N:N20034Y	orf1ab	SRR11278166	MT039887.1
431	MT039887.1	23648	T	10	3887	39344	4	T	C	2	43245	0.08988322349404555	0.909793039657764	0.909793039657764	N	N:D2089A	S	SRR11278166	MT039887.1
433	MT039887.1	29859	A	562	35	0	0	A	C	2	597	0.058626465661641536	0.9413735343383584	0.9413735343383584	I			SRR11278166	MT039887.1
434	MT039887.1	29860	G	0	1	36	554	G	T	2	591	0.06091370558375635	0.9373942470389168	0.9373942470389168	I			SRR11278166	MT039887.1
460	MT039887.1	23648	T	0	58	524	1	T	C	2	583	0.09948542024013722	0.8987993138936535	0.8987993138936535	N	N:D2089A	S	SRR11278165	MT039887.1
474	MT039887.1	13511	A	3508	0	297	0	A	T	2	3805	0.07805519053876478	0.9219448094612352	0.9219448094612352	N	N:S13246F	orf1ab	SRR11278164	MT039887.1
475	MT039887.1	13512	G	1	0	300	3628	G	T	2	3929	0.07635530669381523	0.9233901756172054	0.9233901756172054	S	S:13247	orf1ab	SRR11278164	MT039887.1
476	MT039887.1	13513	G	301	0	0	3621	G	A	2	3922	0.07674655787863335	0.9232534421213666	0.9232534421213666	N	N:V13248I	orf1ab	SRR11278164	MT039887.1
477	MT039887.1	14334	G	0	0	664	7714	G	T	2	8378	0.07925519216996897	0.9207448078300308	0.9207448078300308	N	N:Q14069H	orf1ab	SRR11278164	MT039887.1
482	MT039887.1	20295	A	7123	0	927	0	A	T	2	8050	0.11515527950310556	0.8848447204968944	0.8848447204968944	S	S:20030	orf1ab	SRR11278164	MT039887.1
483	MT039887.1	20296	A	7117	0	956	0	A	T	2	8073	0.11841942276724884	0.8815805772327512	0.8815805772327512	N	N:R20031C	orf1ab	SRR11278164	MT039887.1
484	MT039887.1	20298	G	0	0	1917	6102	G	T	2	8019	0.23905723905723905	0.7609427609427609	0.7609427609427609	S	S:20033	orf1ab	SRR11278164	MT039887.1
485	MT039887.1	20299	A	6101	1	1559	0	A	T	2	7661	0.20349823782795973	0.7963712309098029	0.7963712309098029	N	N:N20034Y	orf1ab	SRR11278164	MT039887.1
486	MT039887.1	23648	T	1	1351	17757	0	T	C	2	19109	0.07069967031241824	0.9292479983253964	0.9292479983253964	N	N:D2089A	S	SRR11278164	MT039887.1
496	MT039887.1	5764	G	63	0	0	977	G	A	2	1040	0.06057692307692308	0.9394230769230768	0.9394230769230768	N	N:K5499E	orf1ab	SRR11241254	MT039887.1
497	MT039887.1	5765	G	0	63	0	977	G	C	2	1040	0.06057692307692308	0.9394230769230768	0.9394230769230768	N	N:K5500T	orf1ab	SRR11241254	MT039887.1
499	MT039887.1	11073	C	0	503	30	0	C	T	2	533	0.05628517823639775	0.9437148217636022	0.9437148217636022	S	S:10808	orf1ab	SRR11241254	MT039887.1
501	MT039887.1	13511	A	596	0	44	0	A	T	2	640	0.06875	0.93125	0.93125	N	N:S13246F	orf1ab	SRR11241254	MT039887.1
502	MT039887.1	13512	G	0	0	44	583	G	T	2	627	0.07017543859649122	0.9298245614035088	0.9298245614035088	S	S:13247	orf1ab	SRR11241254	MT039887.1
503	MT039887.1	13513	G	45	0	0	584	G	A	2	629	0.07154213036565978	0.9284578696343402	0.9284578696343402	N	N:V13248I	orf1ab	SRR11241254	MT039887.1
504	MT039887.1	14334	G	0	0	39	487	G	T	2	526	0.0741444866920152	0.9258555133079848	0.9258555133079848	N	N:Q14069H	orf1ab	SRR11241254	MT039887.1
526	MT039887.1	14334	G	1	0	30	519	G	T	2	550	0.054545454545454536	0.9436363636363636	0.9436363636363636	N	N:Q14069H	orf1ab	SRR11241255	MT039887.1
527	MT039887.1	16110	C	0	792	56	0	C	T	2	848	0.0660377358490566	0.9339622641509434	0.9339622641509434	N	N:E15845D	orf1ab	SRR11241255	MT039887.1
532	MT039887.1	20088	C	41	571	1	0	C	A	2	613	0.06688417618270799	0.931484502446982	0.931484502446982	S	S:19823	orf1ab	SRR11241255	MT039887.1
533	MT039887.1	20089	C	40	557	1	0	C	A	2	598	0.06688963210702341	0.9314381270903008	0.9314381270903008	N	N:V19824M	orf1ab	SRR11241255	MT039887.1
534	MT039887.1	20090	C	1	557	40	0	C	T	2	598	0.06688963210702341	0.9314381270903008	0.9314381270903008	N	N:V19825A	orf1ab	SRR11241255	MT039887.1
535	MT039887.1	20298	G	0	0	60	556	G	T	2	616	0.0974025974025974	0.9025974025974026	0.9025974025974026	S	S:20033	orf1ab	SRR11241255	MT039887.1
536	MT039887.1	20299	A	560	0	58	2	A	T	2	620	0.0935483870967742	0.9032258064516128	0.9032258064516128	N	N:N20034Y	orf1ab	SRR11241255	MT039887.1
538	MT039887.1	28910	G	0	1	56	765	G	T	2	822	0.0681265206812652	0.9306569343065694	0.9306569343065694	N	N:E640V	N	SRR11241255	MT039887.1
539	MT039887.1	28911	C	0	764	59	0	C	T	2	823	0.07168894289185905	0.928311057108141	0.928311057108141	N	N:E641D	N	SRR11241255	MT039887.1
557	MT039887.1	14334	G	2	7	468	5355	G	T	2	5832	0.08024691358024691	0.9182098765432098	0.9182098765432098	N	N:Q14069H	orf1ab	SRR11247078	MT039887.1
562	MT039887.1	20088	C	347	6169	11	3	C	A	2	6530	0.05313935681470138	0.9447166921898928	0.9447166921898928	S	S:19823	orf1ab	SRR11247078	MT039887.1
563	MT039887.1	20089	C	352	5962	26	5	C	A	2	6345	0.05547675334909377	0.9396375098502758	0.9396375098502758	N	N:V19824M	orf1ab	SRR11247078	MT039887.1
564	MT039887.1	20090	C	4	6001	347	4	C	T	2	6356	0.05459408432976715	0.9441472624292008	0.9441472624292008	N	N:V19825A	orf1ab	SRR11247078	MT039887.1
565	MT039887.1	20298	G	1	1	463	5232	G	T	2	5697	0.08127084430401968	0.9183780937335441	0.9183780937335441	S	S:20033	orf1ab	SRR11247078	MT039887.1
566	MT039887.1	20299	A	5270	1	449	0	A	T	2	5720	0.0784965034965035	0.9213286713286714	0.9213286713286714	N	N:N20034Y	orf1ab	SRR11247078	MT039887.1
582	MT039887.1	13685	T	116	41	1679	10	T	A	2	1846	0.0628385698808234	0.909534127843987	0.909534127843987	N	N:T13420N	orf1ab	SRR11247077	MT039887.1
583	MT039887.1	13686	G	44	0	127	1665	G	T	2	1836	0.06917211328976035	0.9068627450980392	0.9068627450980392	S	S:13421	orf1ab	SRR11247077	MT039887.1
584	MT039887.1	13692	A	1722	0	114	1	A	T	2	1837	0.06205770277626565	0.9373979314099076	0.9373979314099076	S	S:13427	orf1ab	SRR11247077	MT039887.1
585	MT039887.1	14334	G	2	2	296	3467	G	T	2	3767	0.0785771170692859	0.9203610299973454	0.9203610299973454	N	N:Q14069H	orf1ab	SRR11247077	MT039887.1
590	MT039887.1	20088	C	292	3525	7	6	C	A	2	3830	0.0762402088772846	0.9203655352480418	0.9203655352480418	S	S:19823	orf1ab	SRR11247077	MT039887.1
591	MT039887.1	20089	C	297	3425	15	4	C	A	2	3741	0.07939053728949479	0.9155306067896284	0.9155306067896284	N	N:V19824M	orf1ab	SRR11247077	MT039887.1
592	MT039887.1	20090	C	6	3441	284	12	C	T	2	3743	0.07587496660432808	0.9193160566390596	0.9193160566390596	N	N:V19825A	orf1ab	SRR11247077	MT039887.1
593	MT039887.1	20280	T	3	3126	193	7	C	T	2	3329	0.057975367978371876	0.9390207269450286	0.057975367978371876	S	S:20015	orf1ab	SRR11247077	MT039887.1
594	MT039887.1	20298	G	5	1	320	3169	G	T	2	3495	0.0915593705293276	0.9067238912732476	0.9067238912732476	S	S:20033	orf1ab	SRR11247077	MT039887.1
595	MT039887.1	20299	A	3191	6	312	2	A	T	2	3511	0.08886357163201368	0.9088578752492168	0.9088578752492168	N	N:N20034Y	orf1ab	SRR11247077	MT039887.1
626	MT039887.1	23082	C	7	618	38	0	C	T	2	663	0.057315233785822026	0.9321266968325792	0.9321266968325792	S	S:1523	S	SRR11247076	MT039887.1
